scenario_group,valve_context,thickness_mm,pore_index_0_1,degradation_half_life_months,material_risk_index_0_1,morphology_index_0_1,target_gradient_mmHg,predicted_gradient_mmHg,effective_orifice_area_cm2,residual_Mw_12m_percent,integration_12m_index_0_1,region_specificity_hinge_belly_ratio,regurgitation_fraction_percent,failure_risk_0_1,objective_score,feasible,result_type
full_data_informed,aortic_high_pressure,0.6137904474109088,0.8270815225255372,58.276074930684196,0.03589574604535989,0.6129831932956393,32.75,31.78198398343062,2.2950462603275175,85.6708528610172,0.9212759029289507,5.889103344149537,13.469644828245901,0.04477218558166726,0.6423135891039965,1,scenario_model_generated_from_literature_calibrated_priors
biology_only,aortic_high_pressure,0.42725559009355607,0.9183443703585806,55.09865877496394,0.04398833887926963,0.5789779689489071,32.75,29.234591054507067,2.6739875501533388,86.83422483167021,0.8595974452595325,3.586870780945995,12.355053393159219,0.033273651589312656,0.6293081701098346,1,scenario_model_generated_from_literature_calibrated_priors
full_data_informed,aortic_high_pressure,0.5948274427913672,0.8297115097904523,65.33185699642814,0.0694906773753926,0.6120307699475607,32.75,31.45399855329256,2.4220733022666074,87.40829404390304,0.8790452356601701,2.756772175912105,6.896751666167595,0.09025438269675286,0.6228889303571262,1,scenario_model_generated_from_literature_calibrated_priors
biology_only,aortic_high_pressure,0.7841821610425027,0.8406025964135085,66.68053047223152,0.0119600135762218,0.7279908317842051,32.75,37.81281283611892,2.0145832736550964,93.40124108491965,0.906606002037748,6.091067998897463,10.070945088296773,0.048062498214779474,0.6224283531006426,1,scenario_model_generated_from_literature_calibrated_priors
full_data_informed,aortic_high_pressure,0.5754716728814844,0.8052016916029412,64.86846144095726,0.011095748347793734,0.46193180748596957,32.75,34.17071987865584,2.470548807910625,90.07870734911238,0.8233931088023442,2.2920151248726617,8.652495661224597,0.02558966882617193,0.6213065212824734,1,scenario_model_generated_from_literature_calibrated_priors
biology_only,aortic_high_pressure,0.6008254587370254,0.7596676588182124,82.72961262086673,0.14094055077521325,0.4508000121055159,32.75,31.573198238573706,2.3752245066979456,89.4463644870878,0.8585934127199841,5.641567088000456,14.985985681643532,0.02803338664922571,0.6203013834427765,1,scenario_model_generated_from_literature_calibrated_priors
biology_only,aortic_high_pressure,0.6226228771342398,0.778780637372036,54.10358255051363,0.21748940991197444,0.9401192886013942,32.75,30.97879508750821,2.212611844825574,83.64434592441582,0.9315518590737148,6.5987761568637735,8.45589248353955,0.05461850886746327,0.6198141703746943,1,scenario_model_generated_from_literature_calibrated_priors
biology_only,aortic_high_pressure,0.6084299029273156,0.5527294560856942,64.56223644027833,0.08141530417690458,0.8836100543045143,32.75,35.80980921282603,2.2316141115564316,90.2942064981436,0.8629248562310499,4.527358751738199,12.663451767827228,0.027742735923805644,0.6143751401366093,1,scenario_model_generated_from_literature_calibrated_priors
biology_only,aortic_high_pressure,0.5992327463236974,0.9093039633761988,78.48339003352264,0.039586085197789486,0.9518854012946338,32.75,31.22665372837936,2.305782893707378,89.28050902041845,0.8513747058403424,5.464218637454934,6.04446909085258,0.07457213462263619,0.6128912822228431,1,scenario_model_generated_from_literature_calibrated_priors
hydrodynamic_only,aortic_high_pressure,0.5231192931121716,0.9525301446714877,42.796245879902955,0.08533230937009649,0.8023423743379211,32.75,33.730358543779644,2.393305396842386,83.93234787898976,0.8601273561877438,3.8161609601799333,9.28950619397013,0.058566568102427954,0.6122075965343005,1,scenario_model_generated_from_literature_calibrated_priors
biology_only,aortic_high_pressure,0.41615210849489537,0.8821336011818981,77.34054864552942,0.07241957655601765,0.8279615494139324,32.75,21.99556995915627,2.708180859430088,91.33179556783351,0.8656501077701627,3.7405324185002398,11.293991615854289,0.044429242541425024,0.6110715301381392,1,scenario_model_generated_from_literature_calibrated_priors
full_data_informed,aortic_high_pressure,0.5834849705098121,0.8922740964405826,66.75460981889346,0.08557724016246875,0.4676468629573694,32.75,34.75082582773164,2.3853992079600337,90.13713235738983,0.8314891451731221,1.7808469724781046,6.421340272089882,0.049833661122432246,0.6085914044129457,1,scenario_model_generated_from_literature_calibrated_priors
biology_only,aortic_high_pressure,0.45606729749902486,0.8901280567824136,59.02303761830557,0.10404782326717124,0.9243328163493918,32.75,24.889488221360637,2.698326462819221,90.83054932433204,0.8473888887230682,8.100577213771146,10.84393642579854,0.05562587095083124,0.6082888047554986,1,scenario_model_generated_from_literature_calibrated_priors
biology_only,aortic_high_pressure,0.5594205573170734,0.8713925117682463,66.25772737692766,0.10987036262944518,0.8156752460106919,32.75,31.237668571536158,2.2329251815499633,86.61416310366307,0.8595348131631189,8.171301852734741,10.940710482030235,0.05032074168249174,0.6061740594469202,1,scenario_model_generated_from_literature_calibrated_priors
biology_only,aortic_high_pressure,0.5539373540967614,0.693121917409999,81.1688777131092,0.08611514037078564,0.4639136775520099,32.75,31.1015706203597,2.3519202563079356,91.89153894385409,0.8093380328158729,4.76941162185874,9.197614270984358,0.046095486915901686,0.6026182209789054,1,scenario_model_generated_from_literature_calibrated_priors
biology_only,aortic_high_pressure,0.7184040161650352,0.7308175129296072,52.93920845385546,0.12417738528172334,0.8440212133692434,32.75,33.63641580478042,2.153437475024862,84.60949959524125,0.8721523595047723,2.63067206433185,8.740023895112406,0.06779807788948597,0.6022431449565848,1,scenario_model_generated_from_literature_calibrated_priors
biology_only,aortic_high_pressure,0.5937325097940837,0.5899168541208234,54.17112858694619,0.16210683110250887,0.6973826748095854,32.75,33.24627994092701,2.3022615115127993,85.28128697432912,0.8411950103158156,6.515803492606566,7.157752940941693,0.031241286522998086,0.602135713812294,1,scenario_model_generated_from_literature_calibrated_priors
full_data_informed,aortic_high_pressure,0.5493363885264934,0.7212703602734986,53.278667277106635,0.027352393733719883,0.8904402214056883,32.75,31.23169660301578,2.266941265617523,86.69069176702172,0.8275187801060954,3.8172002551112656,8.721583052693424,0.0456682138824985,0.6018898412979914,1,scenario_model_generated_from_literature_calibrated_priors
biology_only,aortic_high_pressure,0.6222938224951621,0.9211854920720679,58.87657981841711,0.06696241457343124,0.9018351497173812,32.75,32.23456642055379,2.2975408758197178,85.50443122751528,0.8311328692603484,6.38748444438972,11.448352110531266,0.0617683561226293,0.6007322833555538,1,scenario_model_generated_from_literature_calibrated_priors
full_data_informed,aortic_high_pressure,0.5941687811345792,0.6436030652452608,43.0824923049164,0.04642028685286414,0.9375112804085393,32.75,33.41988459794282,2.341475734280294,79.45032200391603,0.8394624816401516,7.1108043302946555,11.275587795924283,0.03777685008901423,0.6004461506626272,1,scenario_model_generated_from_literature_calibrated_priors
full_data_informed,aortic_high_pressure,0.5656356574396365,0.6970627645320847,50.87951109066525,0.028562745678342605,0.8064530800488325,32.75,32.47505686785847,2.374862046317261,82.69022581673359,0.8130832232415863,7.712600157656004,9.990036008686273,0.03469167532183885,0.600237349624681,1,scenario_model_generated_from_literature_calibrated_priors
biology_only,aortic_high_pressure,0.5600226513113885,0.9244459455300807,61.11626760403653,0.09247960015101335,0.6974524734993528,32.75,32.65285296409938,2.12638648530029,88.7835874227083,0.8368061015923142,5.911290248169458,8.044830834206273,0.06147191226649892,0.5999985117151138,1,scenario_model_generated_from_literature_calibrated_priors
biology_only,aortic_high_pressure,0.6936738049642227,0.756815271576153,70.16152974903541,0.1686623501373797,0.7849797056991494,32.75,33.21853492583759,2.050087846405753,92.98106379359221,0.8400865114706142,3.648779548543743,13.938132689774351,0.05965460975912459,0.5979521472000525,1,scenario_model_generated_from_literature_calibrated_priors
biology_only,aortic_high_pressure,0.6925852636002895,0.5761755664216807,59.53265759062548,0.031968123954344514,0.9731920614359815,32.75,33.68131150929837,1.9729125405522054,86.16191590859987,0.8476687346416998,3.8729738088646224,10.693771843049525,0.03675696369100267,0.5979069409876561,1,scenario_model_generated_from_literature_calibrated_priors
biology_only,aortic_high_pressure,0.6352956277760042,0.6710555144573994,65.70239511851366,0.09485494384670284,0.8683486637145631,32.75,36.33246171415179,2.1374357489193736,92.33807423691185,0.8539058732776645,4.123270870169742,10.38826879662669,0.08700090270224792,0.5970856706357052,1,scenario_model_generated_from_literature_calibrated_priors
biology_only,aortic_high_pressure,0.4857289372099735,0.8395759724797301,60.25877369849151,0.2289763135989811,0.598369751710661,32.75,28.433965140101982,2.4504548625116924,86.38095419871517,0.8580094736994206,5.609825665586954,7.546491137073326,0.044772664319997164,0.5970762293819483,1,scenario_model_generated_from_literature_calibrated_priors
biology_only,aortic_high_pressure,0.6487336731809341,0.8168712647160009,72.98761328175837,0.05073257434183709,0.36952350834197284,32.75,37.9094876543289,2.1937367298015857,93.20224457792027,0.8234757468894073,3.003624196752667,8.37705439570309,0.026910629046397714,0.5960413908972241,1,scenario_model_generated_from_literature_calibrated_priors
full_data_informed,aortic_high_pressure,0.5748557332673205,0.5241148652937606,65.23479868230629,0.045099522344262365,0.6958436801487969,32.75,34.19151342163282,2.2307591849850734,87.99569202617904,0.8151481218219194,3.749800313404571,12.149532703746985,0.046632329861504236,0.5959414002566299,1,scenario_model_generated_from_literature_calibrated_priors
full_data_informed,aortic_high_pressure,0.5364497315745912,0.7827692397041615,70.83592483432153,0.1663361738047505,0.6974837207333507,32.75,27.67429126096379,2.434484315483435,86.87798358562645,0.8466858295672303,6.196171925261713,11.802123678659685,0.03805609067866481,0.5957187494798492,1,scenario_model_generated_from_literature_calibrated_priors
full_data_informed,aortic_high_pressure,0.617561935742247,0.6825837250110084,65.47987073925967,0.01926775584240871,0.8039765207343906,32.75,35.502758380246775,2.312543582942537,88.95978029379738,0.8075921174373665,5.509098271781212,8.795252465186282,0.05363982386696743,0.5947332377935604,1,scenario_model_generated_from_literature_calibrated_priors
full_data_informed,aortic_high_pressure,0.5786156574782628,0.7489626435739863,65.60726166865682,0.046893301898091835,0.6679857665057474,32.75,30.74951950549511,2.4648010277303416,87.52823509694355,0.7920046635231057,2.931856007803378,6.146077012987268,0.04910120432114049,0.5944951715321286,1,scenario_model_generated_from_literature_calibrated_priors
biology_only,aortic_high_pressure,0.5654108019580338,0.8409252763966183,55.66211836508902,0.12752195046374862,0.5375916059362572,32.75,29.060267713373996,2.28250405139006,83.44231488171675,0.8683789997879134,2.376048602649936,10.023095216917914,0.0713535333719272,0.5939025981383858,1,scenario_model_generated_from_literature_calibrated_priors
biology_only,aortic_high_pressure,0.48274993493468543,0.5366939961840586,70.12405533067314,0.025958190849942157,0.7214933756322813,32.75,29.13685161050828,2.339669910632582,87.71688816369301,0.8144487230866986,4.347049806495504,7.729676938032819,0.04930332948524628,0.5937381529373907,1,scenario_model_generated_from_literature_calibrated_priors
hydrodynamic_only,aortic_high_pressure,0.5542670388723027,0.8387000361264997,46.00773778073067,0.2381530233921748,0.614157398723009,32.75,28.632279010987137,2.5003988169367255,85.03503631198647,0.8457245155874386,2.8304506600613695,10.391288861414452,0.033907354671215584,0.59372205150487,1,scenario_model_generated_from_literature_calibrated_priors
full_data_informed,aortic_high_pressure,0.6109061842782372,0.8507592548934999,68.05775616436887,0.07916727446675345,0.6845019488343121,32.75,35.20476487791558,2.286131736670356,85.96921845176033,0.8226031947242097,6.6547858049886885,11.803420836417086,0.03892334158117208,0.592988846889233,1,scenario_model_generated_from_literature_calibrated_priors
biology_only,aortic_high_pressure,0.4705787491932176,0.6167955970502017,54.09816301309178,0.268723946074657,0.5334162500435765,32.75,32.23602082883553,2.4148217570657673,87.45668402770264,0.8340712217784801,5.914881613038826,10.343017880293463,0.07727700540630854,0.592727513239904,1,scenario_model_generated_from_literature_calibrated_priors
biology_only,aortic_high_pressure,0.7221518992073181,0.8248337218563087,59.529195556365956,0.08816827145708876,0.6506304803989227,32.75,37.17760278663745,2.0155031362817297,88.12262714177538,0.8663041968093607,3.677421169112142,6.241403264055159,0.046298051317905084,0.5925592210156293,1,scenario_model_generated_from_literature_calibrated_priors
biology_only,aortic_high_pressure,0.5595442188722632,0.9492614916130759,57.18846459038645,0.40659306980964355,0.7615686075780703,32.75,29.496435696811773,2.4974061731466874,85.11611646761585,0.8842592523952045,6.529695189915431,10.60298111645263,0.07861501487726803,0.5924408993511131,1,scenario_model_generated_from_literature_calibrated_priors
full_data_informed,aortic_high_pressure,0.45916348291965503,0.6855741348946649,69.2400927270996,0.007470529257284058,0.5324784555325753,32.75,27.159748052729025,2.4780145301043275,88.23675095409388,0.8083941184946606,3.383699170449785,10.872835393238715,0.05507675203414924,0.5923591194106316,1,scenario_model_generated_from_literature_calibrated_priors
biology_only,aortic_high_pressure,0.6196310337003309,0.7462147502463556,63.55350704207134,0.23771515288955716,0.7716681753859702,32.75,32.78681624762882,2.1871081769186715,85.53701663863663,0.8505134404057507,5.226029546041575,11.34514858429071,0.057661390585804155,0.5921597498130485,1,scenario_model_generated_from_literature_calibrated_priors
biology_only,aortic_high_pressure,0.6476020649325933,0.9549099720733335,53.12645080260383,0.08010858714692073,0.8326344160517986,32.75,33.69213476342111,2.3157005406227653,86.59535767218618,0.8005463149223101,4.634640296999809,6.946534678163299,0.042114726422057575,0.5912869830660911,1,scenario_model_generated_from_literature_calibrated_priors
full_data_informed,aortic_high_pressure,0.5972718386048191,0.7698330236376529,67.80365867889368,0.2822845782385919,0.635962431334421,32.75,33.0275804247097,2.400802491695142,86.33896145128689,0.8334913744088208,6.023930454174044,9.072648482635628,0.07005276200798868,0.5907083356893236,1,scenario_model_generated_from_literature_calibrated_priors
full_data_informed,aortic_high_pressure,0.5515110160435915,0.8885145069417257,69.02099185676124,0.20116535211903652,0.4302958972895448,32.75,31.026115756940104,2.440506927009756,88.12259370139338,0.8054404964938227,2.599365291916849,12.86270542624078,0.03791871642754413,0.5904542783251526,1,scenario_model_generated_from_literature_calibrated_priors
full_data_informed,aortic_high_pressure,0.5626867389909902,0.9454306008270223,67.2308748541718,0.09224118748162326,0.6332029981808126,32.75,30.50722812778947,2.3258476067468217,89.44208079226549,0.8051353840073255,4.137578432375764,9.665389269092246,0.06115299500264795,0.5900634227814272,1,scenario_model_generated_from_literature_calibrated_priors
full_data_informed,aortic_high_pressure,0.50590975505138,0.7950991127405388,58.629274100988,0.11095705420151238,0.1561380076499949,32.75,30.391123530902505,2.3594922534247837,84.23493504846145,0.8191026174872982,3.9952974700397923,13.985293301622594,0.0390053949134697,0.5898599560910361,1,scenario_model_generated_from_literature_calibrated_priors
full_data_informed,aortic_high_pressure,0.5260626579878129,0.7727108891660327,63.45725631263594,0.18587726098227525,0.82027123955253,32.75,26.73058225618753,2.285880710736434,90.39226166479278,0.8639389835011163,5.651824177600775,8.945218422284212,0.0816895561908883,0.5898580879254042,1,scenario_model_generated_from_literature_calibrated_priors
biology_only,aortic_high_pressure,0.6767963131343746,0.9767265206333378,62.50118327369033,0.02740942952845239,0.5419361693731602,32.75,35.5979504398344,2.325681714233389,89.33507417881341,0.7967376972016277,4.589469822149714,8.088440963361453,0.06260239680566182,0.5890726759542069,1,scenario_model_generated_from_literature_calibrated_priors
full_data_informed,aortic_high_pressure,0.5328260105891998,0.7683221789416025,59.91123785160068,0.16532080875827482,0.6443543464540509,32.75,36.19121379411428,2.4405515079402558,88.76908891664661,0.8110628357887166,5.55336656641876,7.8176749064332025,0.04777703370032053,0.5889793087429683,1,scenario_model_generated_from_literature_calibrated_priors
full_data_informed,aortic_high_pressure,0.5542014152835264,0.8670105241780948,77.7935930139976,0.0983508030903962,0.5386034166082263,32.75,30.175598571187628,2.2915108734096377,90.83939260983486,0.797744309365676,4.310830617365899,9.932773365372356,0.045514226649440576,0.5885557985247488,1,scenario_model_generated_from_literature_calibrated_priors
biology_only,aortic_high_pressure,0.5736583985798065,0.7586494529800342,29.46716935501873,0.06293078241606752,0.7505283105627251,32.75,29.064912100919226,2.295113496885347,74.7060421841927,0.8670920472488909,3.79397446588949,11.425003004522047,0.04108425040101422,0.5882946558135971,1,scenario_model_generated_from_literature_calibrated_priors
