seed,feas_baseline,feas_hydrodynamic_only,feas_biology_only,feas_full_data_informed,J_baseline,J_hydrodynamic_only,J_biology_only,J_full_data_informed,order_feas,order_J
0,0.2758333333333333,0.5058333333333334,0.8025,0.9716666666666667,0.3047011566829755,0.3824785907638371,0.4788051299594263,0.5143215584654528,True,True
1,0.2758333333333333,0.5225,0.8275,0.9725,0.30486880471789923,0.3823949258363999,0.480486199791744,0.5150511779318255,True,True
2,0.26416666666666666,0.525,0.8233333333333334,0.9683333333333334,0.30185594685967937,0.384874824029614,0.4821013152140114,0.5127215558912112,True,True
3,0.2808333333333333,0.5225,0.8241666666666667,0.9691666666666666,0.30395076004486016,0.38370443041169,0.48233762047814716,0.513041177416252,True,True
4,0.26416666666666666,0.5058333333333334,0.83,0.97,0.30743913766487113,0.3776841310027846,0.48209765416103684,0.5157802804829472,True,True
5,0.2658333333333333,0.51,0.8266666666666667,0.9741666666666666,0.3020395581749409,0.3794402596285862,0.48018496083868484,0.5148166291141297,True,True
6,0.25583333333333336,0.52,0.8225,0.975,0.3047765723963267,0.38030658362556563,0.48128139979911927,0.515065579720918,True,True
7,0.2783333333333333,0.5283333333333333,0.8241666666666667,0.9741666666666666,0.310215404795867,0.3818026107224554,0.48226813371911903,0.513628107713222,True,True
8,0.28,0.5208333333333334,0.8383333333333334,0.9808333333333333,0.3133748344635952,0.38289056698280083,0.48435088403177656,0.5158018868545861,True,True
9,0.28833333333333333,0.505,0.82,0.9666666666666667,0.3101474453120711,0.3806752287308742,0.48397628198335507,0.513367245335295,True,True
10,0.2608333333333333,0.5158333333333334,0.8283333333333334,0.9816666666666667,0.30288553055417294,0.3837824115245598,0.4829199409350814,0.5139900198893584,True,True
11,0.255,0.4975,0.8158333333333333,0.9775,0.3025924757176304,0.3793466422872229,0.48057187077237074,0.5113726521862388,True,True
12,0.255,0.48083333333333333,0.8125,0.9716666666666667,0.2998439063615528,0.37587541701686406,0.47876517568591975,0.5143171669551532,True,True
13,0.2891666666666667,0.5108333333333334,0.8466666666666667,0.965,0.3109387716705116,0.38049560476145305,0.48762347657055255,0.5115599191365185,True,True
14,0.28,0.5158333333333334,0.845,0.9741666666666666,0.3054291216999116,0.3817148345655225,0.48703395964012325,0.513947172934245,True,True
15,0.3025,0.54,0.8408333333333333,0.9791666666666666,0.312972865310386,0.38207820915072105,0.4866633516802808,0.5171817988186506,True,True
16,0.2608333333333333,0.5283333333333333,0.8316666666666667,0.9725,0.3034497186310977,0.382912862892133,0.48475062662673307,0.5160916423150258,True,True
17,0.27166666666666667,0.4925,0.8266666666666667,0.9716666666666667,0.30683366570514575,0.37871998787632233,0.48435582797832905,0.5136281260015938,True,True
18,0.2475,0.5058333333333334,0.8158333333333333,0.9716666666666667,0.30417722662186525,0.37893881807017865,0.4817088586558746,0.5126839032320222,True,True
19,0.255,0.5083333333333333,0.8191666666666667,0.965,0.3019724700314892,0.37756846592821214,0.48190543728419327,0.5113419957544266,True,True
20,0.23833333333333334,0.5166666666666667,0.8183333333333334,0.9741666666666666,0.30136807598473625,0.37835277004691303,0.48055336469012655,0.5121269418605814,True,True
21,0.28,0.5033333333333333,0.84,0.975,0.30737360816646275,0.37986438267503486,0.48085258445613904,0.5138330722947326,True,True
22,0.2758333333333333,0.49333333333333335,0.82,0.9775,0.30455515601755767,0.3819809514749193,0.4812237601605588,0.5172560414646358,True,True
23,0.27166666666666667,0.5133333333333333,0.8191666666666667,0.9691666666666666,0.3114572789025614,0.3838476609955916,0.4792463865650662,0.5134936706037045,True,True
24,0.26,0.5258333333333334,0.8183333333333334,0.9733333333333334,0.3042613325732784,0.3802137415744073,0.4819198700568712,0.5149903686070749,True,True
25,0.2925,0.5025,0.8516666666666667,0.9658333333333333,0.31113497658035255,0.38373559150403536,0.48214041355229864,0.5138710544148094,True,True
26,0.2725,0.5091666666666667,0.8375,0.9733333333333334,0.3037053516059404,0.3819686265091024,0.4815315680397123,0.5145352572215491,True,True
27,0.285,0.5266666666666666,0.855,0.9766666666666667,0.3055287722959675,0.3785123551654035,0.48941934143820476,0.5150596247931716,True,True
28,0.245,0.5241666666666667,0.815,0.9641666666666666,0.3015973136761279,0.38124991314565687,0.481094272384989,0.5123603605878617,True,True
29,0.29083333333333333,0.5133333333333333,0.8241666666666667,0.9741666666666666,0.3095389008078376,0.3835993990067939,0.4827974554402228,0.5140573128678512,True,True
30,0.2725,0.4975,0.8258333333333333,0.98,0.31277270536809015,0.3803102546067347,0.4832475992669701,0.5142256538881274,True,True
31,0.2875,0.5133333333333333,0.8291666666666667,0.9716666666666667,0.3107294595328086,0.38448962124810687,0.48251998543447533,0.5127987105244906,True,True
32,0.2675,0.5116666666666667,0.8366666666666667,0.9691666666666666,0.3033665769220644,0.37866301511708667,0.4817369040250682,0.51432477146696,True,True
33,0.2733333333333333,0.4891666666666667,0.825,0.9775,0.3061523311420648,0.38207404783751253,0.48166168222523975,0.5145148173981245,True,True
34,0.2791666666666667,0.48583333333333334,0.8225,0.9708333333333333,0.30740689190269666,0.3777882625593146,0.4804678815079351,0.513144631311699,True,True
35,0.2725,0.5416666666666666,0.8316666666666667,0.9675,0.30349411105799773,0.3847527157680787,0.4804159166475037,0.5147824790396394,True,True
36,0.28,0.4875,0.8108333333333333,0.9708333333333333,0.30660368489541046,0.3802012675661517,0.4821780803680961,0.5149264896738389,True,True
37,0.2841666666666667,0.52,0.8116666666666666,0.965,0.30824130148602796,0.38407503531045883,0.4810912289830668,0.5117586058622126,True,True
38,0.26416666666666666,0.5108333333333334,0.8116666666666666,0.98,0.3073888618724104,0.3794731060933433,0.47844890433351833,0.5163604990715976,True,True
39,0.26666666666666666,0.5083333333333333,0.8241666666666667,0.9716666666666667,0.30224320869980476,0.3801660982455749,0.48354615293530695,0.5134737889068398,True,True
40,0.2675,0.5175,0.8266666666666667,0.9766666666666667,0.3021369721738555,0.3852227240739155,0.485251035380551,0.5135355951787265,True,True
41,0.265,0.525,0.845,0.9791666666666666,0.3062426607272162,0.38165172304381384,0.48412840175092936,0.5147696184500863,True,True
42,0.2708333333333333,0.5025,0.8333333333333334,0.9675,0.3047308182221726,0.3826517788001447,0.4847995938278963,0.5129713317739119,True,True
43,0.2575,0.5141666666666667,0.8383333333333334,0.9766666666666667,0.3013037082650416,0.37778767016741566,0.48557707083736373,0.5163457005555507,True,True
44,0.2675,0.5341666666666667,0.8333333333333334,0.9733333333333334,0.30440084134944667,0.3840292850397529,0.4839083347440777,0.5158516571487487,True,True
45,0.2633333333333333,0.52,0.8091666666666667,0.9725,0.30061699693287663,0.3788119474853306,0.48077006942105915,0.5149371995425275,True,True
46,0.24333333333333335,0.5183333333333333,0.8475,0.9675,0.30048975745824236,0.38193890996952307,0.4852686342123956,0.5131665715666226,True,True
47,0.29,0.49083333333333334,0.8483333333333334,0.9741666666666666,0.31401522253930575,0.3777549070588503,0.48323505839808406,0.5147327307436078,True,True
48,0.2825,0.5,0.8466666666666667,0.9791666666666666,0.30708911959910506,0.3802060808765078,0.4853873828062065,0.5155547971150414,True,True
49,0.2675,0.5066666666666667,0.8441666666666666,0.9733333333333334,0.30239051170240844,0.38038259188842716,0.4848361002696766,0.514796698097755,True,True
50,0.2733333333333333,0.5291666666666667,0.8216666666666667,0.9725,0.2991862425376724,0.3800399290904164,0.4816328564291369,0.5126285765023446,True,True
51,0.23916666666666667,0.5325,0.8108333333333333,0.9608333333333333,0.2979499054367146,0.38139710943093125,0.48061154134774936,0.5120581282897625,True,True
52,0.2808333333333333,0.5366666666666666,0.8258333333333333,0.9733333333333334,0.30546834752768687,0.38530416740868834,0.48375014439839154,0.5158517473797039,True,True
53,0.2475,0.5041666666666667,0.8525,0.9716666666666667,0.3016678362141234,0.3759989042619065,0.4867065881423347,0.512579041692938,True,True
54,0.2841666666666667,0.5025,0.8258333333333333,0.9666666666666667,0.308923777075797,0.38296922061628635,0.48047735834828764,0.5148796611762775,True,True
55,0.25416666666666665,0.5208333333333334,0.8508333333333333,0.975,0.30400921222608923,0.38327517921330134,0.4819690665365294,0.5169212379760181,True,True
56,0.2975,0.5033333333333333,0.8291666666666667,0.9725,0.3113104075420612,0.3755148066327955,0.48398273035407813,0.5160108868935331,True,True
57,0.265,0.5,0.825,0.9675,0.3052461762174642,0.37924478320108795,0.4869938684275485,0.515655763841322,True,True
58,0.2808333333333333,0.5158333333333334,0.8216666666666667,0.9675,0.30980700393668403,0.37698635208443043,0.4839803636379986,0.5151599543647947,True,True
59,0.28,0.5083333333333333,0.8375,0.9716666666666667,0.30624193635691405,0.37838696667451044,0.4855057616583788,0.5168596683420578,True,True
60,0.26666666666666666,0.505,0.83,0.9675,0.3040899320420756,0.38043490923674483,0.4833125153894419,0.5131578738922707,True,True
61,0.265,0.51,0.8325,0.9725,0.3062271948250824,0.3834781680953288,0.48296869541097387,0.5132600922252657,True,True
62,0.2575,0.48833333333333334,0.8541666666666666,0.965,0.3059804220547692,0.3784698860932866,0.4863863045696996,0.513162354443181,True,True
63,0.2758333333333333,0.49666666666666665,0.8275,0.9775,0.30472292965381365,0.37763220763051464,0.48227917445093593,0.516068882085878,True,True
64,0.28833333333333333,0.5208333333333334,0.8175,0.9758333333333333,0.30950824633050267,0.3778920474245629,0.47916076037160044,0.5144142116847377,True,True
65,0.27666666666666667,0.5058333333333334,0.8316666666666667,0.97,0.30474491173143897,0.38084770639615256,0.48219804567097546,0.5131042670864624,True,True
66,0.25333333333333335,0.52,0.8233333333333334,0.9766666666666667,0.30324422417550406,0.3822821229886394,0.48338752578417254,0.5144522543821277,True,True
67,0.2733333333333333,0.5058333333333334,0.8416666666666667,0.97,0.30280054445103216,0.38321157437097575,0.48831109739320805,0.5149456744305652,True,True
68,0.27,0.49833333333333335,0.8016666666666666,0.96,0.3069703665539069,0.38103109714568767,0.477051763285106,0.5123342230209554,True,True
69,0.2675,0.525,0.8208333333333333,0.9658333333333333,0.3076611959568733,0.3806189440143311,0.48262442535962774,0.513102455206444,True,True
70,0.25833333333333336,0.5125,0.8191666666666667,0.9758333333333333,0.30250812098383806,0.3849679990656845,0.4806904614525673,0.514106853288168,True,True
71,0.2833333333333333,0.52,0.8191666666666667,0.9791666666666666,0.3077766663171935,0.3837242804359831,0.4831185567068367,0.5138826654564778,True,True
72,0.265,0.5133333333333333,0.8475,0.9733333333333334,0.3092352600161836,0.37516102173084626,0.48519614627619545,0.5138323071947166,True,True
73,0.2725,0.5058333333333334,0.83,0.9733333333333334,0.3046304018216528,0.3833403041003958,0.48567932415926834,0.5116970917499191,True,True
74,0.2841666666666667,0.5025,0.8333333333333334,0.975,0.3087952131761917,0.3778775606347512,0.4826515462806661,0.5138855068881347,True,True
75,0.2725,0.5025,0.8375,0.9708333333333333,0.30833326775259884,0.38076199497340213,0.48430839154309024,0.5132585350804503,True,True
76,0.2866666666666667,0.4975,0.8266666666666667,0.9633333333333334,0.3025389452670463,0.3817764389129963,0.4806052842877602,0.5126798331677381,True,True
77,0.27666666666666667,0.5141666666666667,0.8283333333333334,0.9725,0.30456308126078135,0.380144484076509,0.4826698348394302,0.5139516779054936,True,True
78,0.2783333333333333,0.5175,0.8233333333333334,0.9708333333333333,0.3068193095517575,0.3808390211700602,0.4800439327242059,0.513635991664174,True,True
79,0.2675,0.505,0.8241666666666667,0.975,0.3058272785897902,0.38320229052347765,0.48278769259754334,0.5143422637700724,True,True
80,0.2725,0.5191666666666667,0.8358333333333333,0.9666666666666667,0.30886584938217515,0.38676852927155103,0.4865978642449557,0.5111196509010222,True,True
81,0.26666666666666666,0.5358333333333334,0.8233333333333334,0.9775,0.30495281426053095,0.38472083265809803,0.4803962860782562,0.5148963423790485,True,True
82,0.28833333333333333,0.5366666666666666,0.8266666666666667,0.9741666666666666,0.3088135128525656,0.382370149940982,0.48166637835818626,0.5158234257051103,True,True
83,0.2833333333333333,0.5175,0.8216666666666667,0.9725,0.30754731851402567,0.38012570249291666,0.48165143714536185,0.5142227770216433,True,True
84,0.265,0.5075,0.825,0.9766666666666667,0.3052262632383923,0.38294576778697226,0.48163554654959123,0.5124622251507334,True,True
85,0.2775,0.5016666666666667,0.8308333333333333,0.9733333333333334,0.30360357682562295,0.37576413013866666,0.48274729844772063,0.5146219210931344,True,True
86,0.275,0.5058333333333334,0.8233333333333334,0.9608333333333333,0.3075930011445533,0.383832642208328,0.48477276463307467,0.5135333277778215,True,True
87,0.2683333333333333,0.4708333333333333,0.8283333333333334,0.9791666666666666,0.3067313316928544,0.3771458400655778,0.47816126838874085,0.5138843110497517,True,True
88,0.2783333333333333,0.5166666666666667,0.8291666666666667,0.965,0.3042782470003585,0.37879808182929536,0.4841291889605851,0.5148689566522219,True,True
89,0.25583333333333336,0.4925,0.8108333333333333,0.9691666666666666,0.3039159124748641,0.38256841604295794,0.4794889124185303,0.5142571273793396,True,True
90,0.23166666666666666,0.515,0.8533333333333334,0.9783333333333334,0.2950425698837165,0.38130015973470954,0.4872751037860662,0.5128408429889789,True,True
91,0.2775,0.5183333333333333,0.8391666666666666,0.9725,0.3076593020360254,0.3801172438868909,0.484441519297505,0.514696830005468,True,True
92,0.2825,0.5175,0.8216666666666667,0.9733333333333334,0.30531476640402405,0.3823497368914339,0.48309764104433905,0.5124271118105237,True,True
93,0.26666666666666666,0.5083333333333333,0.8325,0.9783333333333334,0.3070544082960925,0.3822669078592422,0.4838243886449902,0.5152628061261906,True,True
94,0.2633333333333333,0.49666666666666665,0.8383333333333334,0.9741666666666666,0.3039676012375424,0.37802149318779743,0.48095914777413107,0.5146665813468771,True,True
95,0.24916666666666668,0.53,0.8283333333333334,0.9733333333333334,0.30413374501220675,0.3833794251611061,0.48079927276001455,0.5151649224465827,True,True
96,0.2633333333333333,0.5083333333333333,0.8291666666666667,0.9741666666666666,0.30082558975243257,0.3824863809444182,0.48215402847603533,0.5159571568301832,True,True
97,0.2833333333333333,0.5183333333333333,0.8183333333333334,0.9808333333333333,0.3115840360127551,0.38138619291857273,0.4807920420958279,0.51455582369572,True,True
98,0.25,0.5208333333333334,0.8333333333333334,0.965,0.3054013842989058,0.38114945217073026,0.48368523573013095,0.5124814026081411,True,True
99,0.27166666666666667,0.5166666666666667,0.8383333333333334,0.9775,0.30737938404450516,0.38029383046442683,0.48325913921143115,0.5129464691231499,True,True
100,0.275,0.5108333333333334,0.8375,0.9758333333333333,0.30716654029402995,0.37846248551409173,0.48606153841284905,0.5168295615075821,True,True
101,0.24666666666666667,0.51,0.8233333333333334,0.975,0.3024851367944595,0.3783932901113404,0.4815834959362539,0.5113945255327718,True,True
102,0.2725,0.515,0.825,0.9783333333333334,0.30949043615127103,0.38408577163636504,0.48225765288675965,0.5152860050078442,True,True
103,0.2791666666666667,0.5308333333333334,0.8333333333333334,0.9725,0.30496421991701894,0.38270398862964244,0.4840838448358295,0.5132466847587134,True,True
104,0.2633333333333333,0.5116666666666667,0.8083333333333333,0.9733333333333334,0.3057724327056933,0.382444861582385,0.4789561903132601,0.514456483171196,True,True
105,0.2658333333333333,0.5208333333333334,0.8283333333333334,0.9716666666666667,0.3039045283681979,0.37939607219431876,0.48142919626325464,0.5127047925840866,True,True
106,0.2633333333333333,0.49916666666666665,0.8241666666666667,0.9766666666666667,0.3056232822849275,0.3778620731735668,0.48335849397032876,0.5155905486798882,True,True
107,0.2608333333333333,0.5308333333333334,0.8041666666666667,0.98,0.3027283679078696,0.3825013372679301,0.47743520296470127,0.513549118773405,True,True
108,0.26916666666666667,0.5308333333333334,0.8241666666666667,0.9708333333333333,0.31167091443159173,0.3805102529083308,0.4815012211092032,0.5143813376768099,True,True
109,0.25583333333333336,0.5008333333333334,0.8191666666666667,0.9708333333333333,0.3035356096962901,0.3805759024956394,0.4806568279567483,0.5133981006639372,True,True
110,0.26166666666666666,0.5075,0.8291666666666667,0.9758333333333333,0.3009661811357004,0.3787139848380632,0.48356036623548493,0.5131116908059639,True,True
111,0.27666666666666667,0.5333333333333333,0.8325,0.9783333333333334,0.3091846685430782,0.384837003750027,0.48011989038934993,0.5153759640264329,True,True
112,0.2708333333333333,0.49916666666666665,0.8191666666666667,0.9783333333333334,0.30624064112949284,0.37860601736264515,0.4820350968819119,0.5134841932131227,True,True
113,0.265,0.5191666666666667,0.8241666666666667,0.9725,0.3081233044856943,0.38054945988582123,0.4833920755364889,0.5120124964111242,True,True
114,0.2841666666666667,0.51,0.8175,0.9816666666666667,0.31103200305204715,0.38297393128705276,0.4813751363370745,0.5133100312259384,True,True
115,0.27166666666666667,0.5241666666666667,0.81,0.9708333333333333,0.30733815509747797,0.3821361821962823,0.47903236938447286,0.5147086520054516,True,True
116,0.2608333333333333,0.5283333333333333,0.8275,0.9775,0.30335637817109384,0.3787246172707979,0.4821839754454564,0.5118346799408797,True,True
117,0.24833333333333332,0.5125,0.8258333333333333,0.9725,0.30218347366153847,0.37907382061613154,0.481107106465846,0.5131017486902035,True,True
118,0.26416666666666666,0.5141666666666667,0.8275,0.9683333333333334,0.3066236484212516,0.3840175774265313,0.48282319743455027,0.5124348141291661,True,True
119,0.2808333333333333,0.5075,0.825,0.9775,0.3077509684660005,0.3818839863609977,0.48345566737886553,0.5160814564306798,True,True
120,0.2816666666666667,0.5208333333333334,0.84,0.975,0.3077387587051848,0.3843172313223398,0.48555434173196127,0.5139510386342356,True,True
121,0.27416666666666667,0.51,0.8158333333333333,0.9675,0.3050283954033203,0.3794209766316228,0.48199053029451117,0.5127728934266556,True,True
122,0.27166666666666667,0.5091666666666667,0.8141666666666667,0.9783333333333334,0.30931269365261893,0.3794135579083507,0.48088330514693506,0.5153892096564744,True,True
123,0.2816666666666667,0.48083333333333333,0.83,0.9741666666666666,0.3038067419843419,0.37901104174635125,0.4822478912037249,0.5152166975464918,True,True
124,0.2625,0.5141666666666667,0.8325,0.9758333333333333,0.30744883134941364,0.38491783334706997,0.47844026269950746,0.513677283685745,True,True
125,0.26916666666666667,0.52,0.81,0.975,0.30251134976869115,0.38128314939845626,0.47807490371818046,0.5140713593040682,True,True
126,0.2758333333333333,0.515,0.835,0.9725,0.3043021045295609,0.3845244341868823,0.4851530731643622,0.5131257787665147,True,True
127,0.25333333333333335,0.5175,0.8375,0.9725,0.3058775665961629,0.38297995175083993,0.485579048630786,0.5156775574931314,True,True
128,0.25916666666666666,0.5175,0.8333333333333334,0.9708333333333333,0.303836523910776,0.378516506347232,0.4831476618369816,0.5141296490185243,True,True
129,0.2841666666666667,0.5441666666666667,0.8366666666666667,0.9741666666666666,0.3099314158936051,0.3870290359174429,0.4857634148341996,0.5135469532859799,True,True
130,0.2891666666666667,0.5166666666666667,0.83,0.9766666666666667,0.30564513502687213,0.38253835071157555,0.48416257815092917,0.5153134224224634,True,True
131,0.27,0.4791666666666667,0.8266666666666667,0.9808333333333333,0.3065720991554637,0.3763548805658213,0.48187454146415415,0.5161348273273205,True,True
132,0.27166666666666667,0.4841666666666667,0.8308333333333333,0.9741666666666666,0.3068381683804219,0.3823368519280135,0.48330809929145907,0.5126406182376826,True,True
133,0.2683333333333333,0.525,0.8166666666666667,0.97,0.3046617855320649,0.38005967256927786,0.48143784746991447,0.5117839116318357,True,True
134,0.2683333333333333,0.5258333333333334,0.8266666666666667,0.9783333333333334,0.3055814551179682,0.3794841820579311,0.48151014452085766,0.5137248241658833,True,True
135,0.2775,0.495,0.8283333333333334,0.9691666666666666,0.3093176078256028,0.3814917108028173,0.4814865296451264,0.5135480433875743,True,True
136,0.27166666666666667,0.54,0.8133333333333334,0.9725,0.308037202005834,0.38302060582731456,0.47849721208908474,0.5145078709807634,True,True
137,0.27,0.525,0.8158333333333333,0.9733333333333334,0.30577017478829144,0.38099951141765814,0.47677472021077744,0.5134471765845321,True,True
138,0.25833333333333336,0.5283333333333333,0.8266666666666667,0.9758333333333333,0.3051865496181416,0.3780575364090606,0.4791800268955033,0.51615744942925,True,True
139,0.25333333333333335,0.49916666666666665,0.8283333333333334,0.975,0.30581352905275344,0.3784050320053336,0.48360149552026127,0.514748464484003,True,True
140,0.25833333333333336,0.505,0.8325,0.9766666666666667,0.310106598390087,0.3810318452328718,0.4833143867535867,0.5153378792161947,True,True
141,0.28583333333333333,0.5266666666666666,0.8175,0.9766666666666667,0.3090044175091099,0.3830402318180323,0.4779699675385805,0.5121699373847597,True,True
142,0.27666666666666667,0.5116666666666667,0.8091666666666667,0.9766666666666667,0.30940470554818456,0.38317189308472793,0.482093270293745,0.5131106386421705,True,True
143,0.25166666666666665,0.5116666666666667,0.825,0.9716666666666667,0.30348812941696146,0.3819702887351124,0.4829764745788085,0.513148139445529,True,True
144,0.3025,0.5183333333333333,0.8258333333333333,0.9741666666666666,0.3101102022139983,0.3805839912120397,0.48428385329495643,0.5169477286244343,True,True
145,0.2758333333333333,0.505,0.82,0.9716666666666667,0.3004763514566843,0.38048001176079504,0.48166978737162724,0.5137712551616112,True,True
146,0.2683333333333333,0.5366666666666666,0.8175,0.9758333333333333,0.30422313085858654,0.3821169932217722,0.48001113726083655,0.5141691766394776,True,True
147,0.23416666666666666,0.495,0.8158333333333333,0.9775,0.30251192680481565,0.3779230662360861,0.47947345474482983,0.5147453340075316,True,True
148,0.28583333333333333,0.52,0.8283333333333334,0.9783333333333334,0.3141372245231054,0.38404255917516117,0.4819622338274446,0.514078442719656,True,True
149,0.265,0.49916666666666665,0.8333333333333334,0.9741666666666666,0.3032771236169762,0.3796396918436323,0.48151388342242274,0.5146748993340292,True,True
150,0.2758333333333333,0.5191666666666667,0.83,0.9716666666666667,0.3057785179570079,0.3801013736239506,0.4814928771811804,0.5139091835383236,True,True
151,0.2633333333333333,0.5041666666666667,0.8233333333333334,0.9683333333333334,0.3001138397614995,0.3835964631115361,0.48350367026532787,0.5153748505558164,True,True
152,0.285,0.5208333333333334,0.8291666666666667,0.9766666666666667,0.31005185999250284,0.38224054698494203,0.4796910048798513,0.5148786838782781,True,True
153,0.29,0.5508333333333333,0.845,0.9733333333333334,0.3098228926288053,0.3867519449166443,0.4882414400663244,0.5136264245495263,True,True
154,0.275,0.5166666666666667,0.8383333333333334,0.9716666666666667,0.3114176609228625,0.38347351391445206,0.4804438018490236,0.5145813038275361,True,True
155,0.2625,0.5158333333333334,0.825,0.9733333333333334,0.30601462686783454,0.3818487785352331,0.47901003126983793,0.5141682301744568,True,True
156,0.25833333333333336,0.5091666666666667,0.8166666666666667,0.975,0.3022018754108495,0.38014518608620984,0.48298223248786987,0.5148454773366669,True,True
157,0.25416666666666665,0.5041666666666667,0.8116666666666666,0.9716666666666667,0.29985930535039834,0.3750248072411396,0.4788004756481252,0.5135680856476978,True,True
158,0.2733333333333333,0.51,0.8225,0.965,0.3085959982125876,0.38219748346585497,0.4811302246549475,0.5134119151338437,True,True
159,0.265,0.5016666666666667,0.8325,0.9683333333333334,0.30695543567370914,0.3786197079785765,0.4843822728714097,0.5135759845945463,True,True
160,0.2683333333333333,0.5366666666666666,0.8183333333333334,0.9708333333333333,0.3062268039174282,0.3815151733503193,0.47948248430666174,0.5149283577570989,True,True
161,0.275,0.5141666666666667,0.8191666666666667,0.975,0.31123699739040284,0.38237610138850214,0.4804818524599969,0.5142541577525861,True,True
162,0.2733333333333333,0.5116666666666667,0.825,0.975,0.3021342389180289,0.37660874378948334,0.4815675861248087,0.5164844126266045,True,True
163,0.2875,0.49666666666666665,0.8216666666666667,0.9741666666666666,0.3072860850189187,0.3785274075036262,0.4794294910511829,0.5126930648531078,True,True
164,0.26166666666666666,0.4766666666666667,0.8166666666666667,0.9708333333333333,0.3039573895096575,0.37945654500428583,0.48037652685199256,0.5143449577711758,True,True
165,0.2916666666666667,0.5016666666666667,0.815,0.9725,0.3106333794164926,0.38379311724991166,0.48212206013561826,0.5148630189574681,True,True
166,0.25583333333333336,0.5008333333333334,0.8266666666666667,0.9766666666666667,0.2990951791573147,0.3780771982960941,0.48023436012863374,0.5139554558460188,True,True
167,0.2683333333333333,0.5208333333333334,0.8025,0.9683333333333334,0.30815489233913534,0.38583212748023726,0.47922949771186285,0.513198812178638,True,True
168,0.2708333333333333,0.49083333333333334,0.8258333333333333,0.9716666666666667,0.30691667350038154,0.3782409451931789,0.48518520589835057,0.5132977072958779,True,True
169,0.28833333333333333,0.5108333333333334,0.825,0.97,0.30683007420711617,0.37916422572563285,0.4826751200833566,0.5140619285217057,True,True
170,0.2875,0.49666666666666665,0.835,0.9741666666666666,0.3140998164524064,0.3775455734690625,0.48366777314673876,0.5134362881509921,True,True
171,0.25583333333333336,0.515,0.8225,0.9708333333333333,0.303248871173313,0.3817630341742203,0.4787388504759405,0.5136014339299994,True,True
172,0.2758333333333333,0.5333333333333333,0.835,0.9775,0.29924821534839535,0.3820173817376931,0.4842975970677588,0.5146869776906273,True,True
173,0.2625,0.5166666666666667,0.8208333333333333,0.975,0.3034923077601441,0.38065330748796844,0.48238409323149795,0.5138935823352465,True,True
174,0.29083333333333333,0.52,0.8216666666666667,0.9608333333333333,0.30987963150436026,0.38146476451355116,0.48069326133579326,0.5126427643433811,True,True
175,0.2733333333333333,0.5208333333333334,0.8225,0.9725,0.3072229567895661,0.3811748536424468,0.480230847215681,0.511796046386715,True,True
176,0.2833333333333333,0.49166666666666664,0.82,0.975,0.30840108472834477,0.3756957025068581,0.48201776354630493,0.5156702551682535,True,True
177,0.2875,0.4925,0.82,0.975,0.3080269767538784,0.3772382367749662,0.4814080229622477,0.5144120984812666,True,True
178,0.25833333333333336,0.5058333333333334,0.83,0.9675,0.30420411061547586,0.3797499168883235,0.48339036379236394,0.5146980768525451,True,True
179,0.27416666666666667,0.5291666666666667,0.8141666666666667,0.97,0.3096346508494034,0.38415382566618833,0.48164233024970693,0.5147707418775491,True,True
180,0.295,0.51,0.82,0.9666666666666667,0.30855097199080445,0.37820756782432857,0.47984818239944504,0.5133945257431136,True,True
181,0.26166666666666666,0.5233333333333333,0.8408333333333333,0.9741666666666666,0.3051249782655026,0.3868574890857919,0.48447029083628207,0.5132229448708928,True,True
182,0.2575,0.5191666666666667,0.8391666666666666,0.9733333333333334,0.3015950328283085,0.38431344492352804,0.48127212271593256,0.5134431905250391,True,True
183,0.2725,0.5191666666666667,0.8158333333333333,0.9725,0.30588974327034,0.3802769116435771,0.4805393315426876,0.5149655190655678,True,True
184,0.27166666666666667,0.5016666666666667,0.8091666666666667,0.9766666666666667,0.30705154210278046,0.37752477688856784,0.4810254762429244,0.5152813941968666,True,True
185,0.2658333333333333,0.5308333333333334,0.8233333333333334,0.9616666666666667,0.3060539579555078,0.3851090633046868,0.48215213034690985,0.5130905276130913,True,True
186,0.2658333333333333,0.5016666666666667,0.83,0.9716666666666667,0.3035799084909481,0.3784208104927562,0.48231125808948017,0.5145277978671021,True,True
187,0.285,0.5091666666666667,0.8475,0.9733333333333334,0.30451280346229864,0.3803822354010088,0.48359307478655383,0.5160593278503679,True,True
188,0.27,0.49166666666666664,0.8133333333333334,0.9725,0.30684157791987576,0.3759536770123681,0.48045175443684723,0.5150670523229874,True,True
189,0.23583333333333334,0.5333333333333333,0.845,0.9716666666666667,0.3008176522963823,0.3835209321840673,0.48539082036418535,0.5164748246854448,True,True
190,0.26,0.505,0.8183333333333334,0.9791666666666666,0.3023998793067204,0.3786671734375146,0.48075682222157295,0.5150136638634621,True,True
191,0.2608333333333333,0.5066666666666667,0.835,0.9816666666666667,0.30543370030393696,0.3818713516155183,0.48212452507138315,0.5154332728817995,True,True
192,0.2791666666666667,0.5058333333333334,0.82,0.9758333333333333,0.3080927772327367,0.3794939651485672,0.48087262653760715,0.5133780009264408,True,True
193,0.2633333333333333,0.5233333333333333,0.8441666666666666,0.9708333333333333,0.3065037028926006,0.3855971444990287,0.48190103738226714,0.5143153074262847,True,True
194,0.2708333333333333,0.5066666666666667,0.835,0.9766666666666667,0.3119003931435412,0.3785997614612712,0.4822217296011799,0.5166265062843609,True,True
195,0.30416666666666664,0.49416666666666664,0.8291666666666667,0.9758333333333333,0.3090050491971088,0.3794367985411173,0.4812111175446616,0.5160927716839595,True,True
196,0.2758333333333333,0.49166666666666664,0.8166666666666667,0.9716666666666667,0.3053715077950672,0.3791781952398731,0.4807563951403201,0.5138262583556957,True,True
197,0.2825,0.5183333333333333,0.8391666666666666,0.975,0.3090978833955701,0.38532617074378134,0.4856775583210406,0.515065538842529,True,True
198,0.2683333333333333,0.5,0.8416666666666667,0.9741666666666666,0.30779527367926657,0.37867641803822005,0.4851773825345156,0.5130353819704213,True,True
199,0.2833333333333333,0.4816666666666667,0.8166666666666667,0.9758333333333333,0.3078245160980183,0.37804792988200314,0.48136602895485986,0.5123529678208544,True,True
