calibration,H,feas_baseline,feas_hydrodynamic_only,feas_biology_only,feas_full_data_informed,J_baseline,J_hydrodynamic_only,J_biology_only,J_full_data_informed,Mw_full,order_feas,order_J
Vis GPC (as reported),58.761932,0.2708333333333333,0.5025,0.8333333333333334,0.9675,0.3047308182221726,0.3826517788001447,0.4847995938278963,0.5129713317739119,85.62997260058468,True,True
LOTO min half-life,30.572447637929642,0.2708333333333333,0.5025,0.655,0.9633333333333334,0.3047308182221726,0.3826517788001447,0.439699593459699,0.4875535173222884,76.76297015797962,True,True
LOTO max half-life,101.54355748642719,0.2708333333333333,0.5025,0.835,0.9675,0.3047308182221726,0.3826517788001447,0.494928556306461,0.5214978555692632,90.31460212298435,True,True
Yacoub-only (6-month retention),22.671356076258835,0.2708333333333333,0.5025,0.4691666666666667,0.9608333333333333,0.3047308182221726,0.3826517788001447,0.41893993617127234,0.48350249950193863,75.27253843654526,False,True
Vis Mn-based,42.2,0.2708333333333333,0.5025,0.7991666666666667,0.9658333333333333,0.3047308182221726,0.3826517788001447,0.46706721788416283,0.5004462357142277,80.80098387488714,True,True
G_pul -1SD,58.761932,0.2708333333333333,0.5025,0.8333333333333334,0.9675,0.3036434599100517,0.3817643568858378,0.4837899980526809,0.512297052292061,85.62997260058468,True,True
G_pul +1SD,58.761932,0.2708333333333333,0.5025,0.8333333333333334,0.9675,0.3058281331928397,0.383475994594632,0.48573745762230025,0.5135844633615751,85.62997260058468,True,True
G_ao LOTO min,58.761932,0.2708333333333333,0.5025,0.8333333333333334,0.9675,0.30423129276144334,0.38230370714711415,0.4844413434043747,0.5127233955079789,85.62997260058468,True,True
G_ao LOTO max,58.761932,0.2708333333333333,0.5025,0.8333333333333334,0.9675,0.30498572102850746,0.38282939625538626,0.4849824054070957,0.5130978511506944,85.62997260058468,True,True
E -1SD,58.761932,0.2708333333333333,0.5025,0.8333333333333334,0.9675,0.3017308182221726,0.3796517788001447,0.4817995938278962,0.5099713317739119,85.62997260058468,True,True
E +1SD,58.761932,0.2708333333333333,0.5025,0.8333333333333334,0.9675,0.3077308182221726,0.3856517788001447,0.4877995938278963,0.5159713317739119,85.62997260058468,True,True
R -1SD,58.761932,0.2708333333333333,0.5025,0.8333333333333334,0.9675,0.30477985850260764,0.3826908179750142,0.48481064786412825,0.5129713317739119,85.62997260058468,True,True
R +1SD,58.761932,0.2708333333333333,0.5025,0.8333333333333334,0.9675,0.304617344547626,0.382621400715915,0.4847995938278963,0.5129713317739119,85.62997260058468,True,True
I12 = 0.44 (MC 2.5%),58.761932,0.2708333333333333,0.5025,0.8333333333333334,0.9566666666666667,0.3047308182221726,0.3826517788001447,0.4847995938278963,0.46740133177391185,85.62997260058468,True,False
I12 = 1.00 (MC 97.5%),58.761932,0.2708333333333333,0.5025,0.8333333333333334,0.9675,0.3047308182221726,0.3826517788001447,0.4847995938278963,0.5497182602078867,85.62997260058468,True,True
