coef,full_feas_min,full_feas_max,base_feas_min,base_feas_max,J_full_min,J_full_max,order_feas,order_J,gap_min,gap_max
e_P,0.9675,0.9675,0.2708333333333333,0.2708333333333333,0.5129549495198955,0.5129877140279281,True,True,0.6966666666666668,0.6966666666666668
e_T,0.9675,0.9675,0.2708333333333333,0.2708333333333333,0.5129394915294632,0.5130031720183604,True,True,0.6966666666666668,0.6966666666666668
f_0,0.8991666666666667,0.9675,0.17833333333333334,0.29833333333333334,0.48570292786268593,0.5214923215142426,True,True,0.6691666666666667,0.7266666666666667
f_G,0.9533333333333334,0.9675,0.26,0.27166666666666667,0.5115805632792703,0.5139153391327598,True,True,0.6933333333333334,0.6958333333333333
f_M,0.965,0.9675,0.25916666666666666,0.28583333333333333,0.51177660372398,0.514023695120926,True,True,0.6816666666666666,0.7058333333333333
f_Mw,0.9675,0.9675,0.23,0.29583333333333334,0.5129713317739119,0.5129713317739119,True,True,0.6716666666666666,0.7375
f_R,0.9675,0.9675,0.2708333333333333,0.2708333333333333,0.5129713317739119,0.5129713317739119,True,True,0.6966666666666668,0.6966666666666668
f_thin,0.9675,0.9675,0.2708333333333333,0.2708333333333333,0.5129713317739119,0.5129713317739119,True,True,0.6966666666666668,0.6966666666666668
g_M,0.965,0.9708333333333333,0.26,0.2758333333333333,0.512659024376475,0.5132057207643125,True,True,0.6950000000000001,0.705
g_P,0.965,0.9691666666666666,0.2675,0.2708333333333333,0.5125733199375941,0.513202929497273,True,True,0.6941666666666666,0.7016666666666667
g_T,0.9033333333333333,0.9983333333333333,0.2275,0.31833333333333336,0.5027070184076946,0.5218618976841743,True,True,0.6758333333333333,0.6916666666666667
g_ao,0.9558333333333333,0.9725,0.26666666666666666,0.2725,0.5122123788471951,0.5136327312763677,True,True,0.6891666666666667,0.7
i_0,0.9675,0.9675,0.25916666666666666,0.2791666666666667,0.5074014564186097,0.5183375891431997,True,True,0.6883333333333334,0.7083333333333334
i_H,0.9675,0.9675,0.2708333333333333,0.2708333333333333,0.5080159320701095,0.5177628080826977,True,True,0.6966666666666668,0.6966666666666668
i_M,0.9675,0.9675,0.2575,0.2808333333333333,0.5100696408751784,0.5157976635359696,True,True,0.6866666666666668,0.71
i_P,0.9675,0.9675,0.23083333333333333,0.28833333333333333,0.4917622106557371,0.530578059227132,True,True,0.6791666666666667,0.7366666666666667
i_S,0.9675,0.9675,0.24666666666666667,0.285,0.49998400835086054,0.524621620483662,True,True,0.6825000000000001,0.7208333333333333
i_T,0.9675,0.9675,0.25,0.2841666666666667,0.5075735867377963,0.5181412554282386,True,True,0.6833333333333333,0.7175
m_M,0.9675,0.9675,0.25083333333333335,0.28,0.5120444771187234,0.5138981864291003,True,True,0.6875,0.7166666666666667
q_P,0.9675,0.9675,0.2708333333333333,0.2708333333333333,0.5129713317739119,0.5129713317739119,True,True,0.6966666666666668,0.6966666666666668
q_S,0.9675,0.9675,0.2708333333333333,0.2708333333333333,0.5129713317739119,0.5129713317739119,True,True,0.6966666666666668,0.6966666666666668
r_E,0.9675,0.9675,0.2708333333333333,0.2708333333333333,0.5129713317739119,0.5129713317739119,True,True,0.6966666666666668,0.6966666666666668
r_G,0.9675,0.9675,0.2708333333333333,0.2708333333333333,0.5129713317739119,0.5129713317739119,True,True,0.6966666666666668,0.6966666666666668
r_thin,0.9675,0.9675,0.2708333333333333,0.2708333333333333,0.5129713317739119,0.5129713317739119,True,True,0.6966666666666668,0.6966666666666668
