endpoint,comparison,mean_diff,ci_lo,ci_hi,cliffs_delta,KW_H,KW_p,epsilon2
J,hydrodynamic_only vs baseline,0.07792096057797204,0.06916988556671327,0.086322473048587,0.37936250000000005,2384.608698313721,0.0,0.4965822973965223
J,biology_only vs baseline,0.18006877560572354,0.1721902337632611,0.187644994664923,0.8117958333333333,2384.608698313721,0.0,0.4965822973965223
J,full_data_informed vs baseline,0.20824051355173923,0.2008164145217842,0.21531897424116853,0.9242291666666667,2384.608698313721,0.0,0.4965822973965223
G,hydrodynamic_only vs baseline,1.6463782047773492,0.7689211838136538,2.565161489753761,0.08475138888888889,81.31285588622369,1.6047344694040243e-17,0.016328785630989093
G,biology_only vs baseline,3.3746397616407897,2.43580101189972,4.259167052825199,0.16296041666666672,81.31285588622369,1.6047344694040243e-17,0.016328785630989093
G,full_data_informed vs baseline,3.573907351385312,2.7039566082481117,4.455488556373524,0.182551388888889,81.31285588622369,1.6047344694040243e-17,0.016328785630989093
I,hydrodynamic_only vs baseline,0.05663345779878115,0.04600193636880439,0.06797614911102767,0.2275555555555555,1305.4953060308617,9.45053128120333e-283,0.271579505010605
I,biology_only vs baseline,0.1566062437406659,0.14663796356168876,0.16664617667895493,0.6170263888888889,1305.4953060308617,9.45053128120333e-283,0.271579505010605
I,full_data_informed vs baseline,0.17414486938604445,0.1660233112026519,0.1829637908910244,0.7235013888888888,1305.4953060308617,9.45053128120333e-283,0.271579505010605
Mw,hydrodynamic_only vs baseline,4.596829062380664,3.662643954231908,5.566480165658567,0.2309902777777777,3303.2530869410875,0.0,0.6881261649168239
Mw,biology_only vs baseline,20.14494992842073,19.45502355703821,20.915031500931377,0.9706625,3303.2530869410875,0.0,0.6881261649168239
Mw,full_data_informed vs baseline,20.694296095224317,19.93786640878843,21.425750364332675,0.9855652777777777,3303.2530869410875,0.0,0.6881261649168239
R,hydrodynamic_only vs baseline,-1.406707930530704,-1.667368459992265,-1.147828280039458,-0.24684444444444442,161.30890913958683,9.564282471948519e-35,0.033008529845618605
R,biology_only vs baseline,-1.210591723374698,-1.478181576029675,-0.9648907543445395,-0.20604583333333337,161.30890913958683,9.564282471948519e-35,0.033008529845618605
R,full_data_informed vs baseline,-1.5746257437700155,-1.825334504638289,-1.3287158831723527,-0.26556250000000003,161.30890913958683,9.564282471948519e-35,0.033008529845618605
F,hydrodynamic_only vs baseline,-0.15325604417329253,-0.17277236269684557,-0.13313580430954935,-0.3308416666666667,1625.6076842020739,0.0,0.33832520521310966
F,biology_only vs baseline,-0.2857959942854393,-0.30349520331226176,-0.2690788577448764,-0.6974763888888889,1625.6076842020739,0.0,0.33832520521310966
F,full_data_informed vs baseline,-0.31632418550900265,-0.33234234525462764,-0.3004947941988439,-0.7927763888888889,1625.6076842020739,0.0,0.33832520521310966
feasible,hydrodynamic_only vs baseline,0.23166666666666663,0.19416666666666665,0.26916666666666667,0.2316666666666667,1567.8318024460004,0.0,0.32627852427981663
feasible,biology_only vs baseline,0.5625,0.5299791666666667,0.5958333333333333,0.5625,1567.8318024460004,0.0,0.32627852427981663
feasible,full_data_informed vs baseline,0.6966666666666668,0.6699999999999999,0.7241666666666666,0.6966666666666668,1567.8318024460004,0.0,0.32627852427981663
