threshold,base,factor,feas_baseline,feas_hydrodynamic_only,feas_biology_only,feas_full_data_informed,order
T,0.32,0.8,0.2816666666666667,0.51,0.845,0.9675,True
T,0.32,0.9,0.2816666666666667,0.51,0.845,0.9675,True
T,0.32,1.1,0.26166666666666666,0.48583333333333334,0.8116666666666666,0.9608333333333333,True
T,0.32,1.2,0.24666666666666667,0.4658333333333333,0.7841666666666667,0.9541666666666667,True
dG,12.0,0.8,0.245,0.4825,0.7816666666666666,0.9241666666666667,True
dG,12.0,0.9,0.25916666666666666,0.49583333333333335,0.8108333333333333,0.9475,True
dG,12.0,1.1,0.2808333333333333,0.5091666666666667,0.8591666666666666,0.98,True
dG,12.0,1.2,0.2925,0.5166666666666667,0.8791666666666667,0.9883333333333333,True
R,25.0,0.8,0.2708333333333333,0.5025,0.8325,0.9675,True
R,25.0,0.9,0.2708333333333333,0.5025,0.8333333333333334,0.9675,True
R,25.0,1.1,0.2708333333333333,0.5025,0.8333333333333334,0.9675,True
R,25.0,1.2,0.2708333333333333,0.5025,0.8333333333333334,0.9675,True
Mw,65.0,0.8,0.3333333333333333,0.5833333333333334,0.8341666666666666,0.9675,True
Mw,65.0,0.9,0.31,0.55,0.8341666666666666,0.9675,True
Mw,65.0,1.1,0.2025,0.4058333333333333,0.8316666666666667,0.9675,True
Mw,65.0,1.2,0.045,0.20666666666666667,0.7966666666666666,0.9566666666666667,True
I,0.45,0.8,0.29833333333333334,0.5508333333333333,0.8433333333333334,0.9675,True
I,0.45,0.9,0.28833333333333333,0.5341666666666667,0.8416666666666667,0.9675,True
I,0.45,1.1,0.24583333333333332,0.46,0.8233333333333334,0.9666666666666667,True
I,0.45,1.2,0.2175,0.42083333333333334,0.7983333333333333,0.9625,True
F,0.35,0.8,0.24583333333333332,0.47583333333333333,0.8283333333333334,0.9633333333333334,True
F,0.35,0.9,0.2633333333333333,0.49083333333333334,0.8316666666666667,0.965,True
F,0.35,1.1,0.2833333333333333,0.5191666666666667,0.8358333333333333,0.9675,True
F,0.35,1.2,0.2866666666666667,0.5283333333333333,0.8366666666666667,0.9675,True
