coef,base,factor,feas_baseline,feas_hydrodynamic_only,feas_biology_only,feas_full_data_informed,J_baseline,J_hydrodynamic_only,J_biology_only,J_full_data_informed,order_feas,order_J
g_T,5.5,0.5,0.31833333333333336,0.5291666666666667,0.9158333333333334,0.9983333333333333,0.33010941734983607,0.3959145559979151,0.49982051990703835,0.5218618976841743,True,True
g_T,5.5,0.8,0.295,0.5175,0.88,0.9858333333333333,0.3145816511650946,0.38837368325457416,0.49110975438109145,0.5168885702953208,True,True
g_T,5.5,1.2,0.24833333333333332,0.49,0.8,0.94,0.29599411548000526,0.3768807074965279,0.4786616843702802,0.5089799928074313,True,True
g_T,5.5,1.5,0.2275,0.47333333333333333,0.7566666666666667,0.9033333333333333,0.285455584614955,0.368716116784857,0.4697384601194148,0.5027070184076946,True,True
g_P,4.0,0.5,0.2675,0.5058333333333334,0.8341666666666666,0.9691666666666666,0.30455643737380794,0.3829588264041948,0.4848692137859417,0.513202929497273,True,True
g_P,4.0,0.8,0.27,0.505,0.835,0.9683333333333334,0.3046587743684194,0.38275115227915363,0.4848450031947153,0.5130893062067545,True,True
g_P,4.0,1.2,0.26916666666666667,0.5008333333333334,0.835,0.9675,0.30450599732588585,0.3824848707878061,0.4846843432686956,0.5128083419613555,True,True
g_P,4.0,1.5,0.2708333333333333,0.49916666666666665,0.8341666666666666,0.965,0.3044891844728112,0.38235962550648284,0.4846028657864218,0.5125733199375941,True,True
g_M,2.2,0.5,0.2758333333333333,0.5058333333333334,0.8416666666666667,0.9708333333333333,0.3050297331407416,0.38272864097755577,0.48504740138754365,0.5132057207643125,True,True
g_M,2.2,0.8,0.2725,0.5041666666666667,0.835,0.9683333333333334,0.30475914458986464,0.3828130847453303,0.4849169780897252,0.5130292573404912,True,True
g_M,2.2,1.2,0.2658333333333333,0.5008333333333334,0.8308333333333333,0.9666666666666667,0.30441699636553515,0.3825730227039325,0.4847022867247486,0.512865484039062,True,True
g_M,2.2,1.5,0.26,0.49666666666666665,0.8266666666666667,0.965,0.3042270244583214,0.38218962374151866,0.4844871821696834,0.512659024376475,True,True
g_ao,1.8,0.5,0.2725,0.51,0.8433333333333334,0.9725,0.3049717144190517,0.3829744638365734,0.4851695329492538,0.5136327312763677,True,True
g_ao,1.8,0.8,0.27166666666666667,0.505,0.8375,0.97,0.3047138067870349,0.3827428241823701,0.4849869174648118,0.5132751883417899,True,True
g_ao,1.8,1.2,0.2683333333333333,0.49916666666666665,0.8283333333333334,0.9633333333333334,0.30454897922645163,0.3824385962365706,0.4845250723856455,0.5126976729884326,True,True
g_ao,1.8,1.5,0.26666666666666666,0.49833333333333335,0.8241666666666667,0.9558333333333333,0.30433245782438173,0.3822159021393891,0.48430454288944647,0.5122123788471951,True,True
e_P,0.35,0.5,0.2708333333333333,0.5025,0.8333333333333334,0.9675,0.3052021482596713,0.3829969019457448,0.48430903124432606,0.5129549495198955,True,True
e_P,0.35,0.8,0.2708333333333333,0.5025,0.8333333333333334,0.9675,0.3049193502371721,0.38278982805838474,0.4846033687944682,0.5129647788723053,True,True
e_P,0.35,1.2,0.2708333333333333,0.5025,0.8333333333333334,0.9675,0.3045422862071731,0.38251372954190466,0.4849958188613243,0.5129778846755183,True,True
e_P,0.35,1.5,0.2708333333333333,0.5025,0.8333333333333334,0.9675,0.30425948818467385,0.38230665565454464,0.4852901564114664,0.5129877140279281,True,True
e_T,0.22,0.5,0.2708333333333333,0.5025,0.8333333333333334,0.9675,0.3003805215614872,0.3795064489282847,0.48468670916196177,0.5129394915294632,True,True
e_T,0.22,0.8,0.2708333333333333,0.5025,0.8333333333333334,0.9675,0.3029906995578984,0.3813936468514007,0.4847544399615224,0.5129585956761323,True,True
e_T,0.22,1.2,0.2708333333333333,0.5025,0.8333333333333334,0.9675,0.3064704130577368,0.3839099107488887,0.48484474769427,0.5129840678716914,True,True
e_T,0.22,1.5,0.2708333333333333,0.5025,0.8333333333333334,0.9675,0.3089170238398398,0.385796283221547,0.48491433263007705,0.5130031720183604,True,True
m_M,4.5,0.5,0.28,0.5233333333333333,0.8333333333333334,0.9675,0.30855884559403934,0.3864947776575186,0.4859159242534686,0.5138981864291003,True,True
m_M,4.5,0.8,0.2758333333333333,0.51,0.8333333333333334,0.9675,0.3064548190619804,0.38424099782798693,0.4852461259981251,0.5133420736359873,True,True
m_M,4.5,1.2,0.2633333333333333,0.495,0.8333333333333334,0.9675,0.303212479768887,0.38155293423268133,0.4843530616576673,0.5126005899118364,True,True
m_M,4.5,1.5,0.25083333333333335,0.48,0.8325,0.9675,0.3005646290602632,0.3789437932675428,0.48363576593875623,0.5120444771187234,True,True
i_0,-0.2,0.5,0.2791666666666667,0.52,0.8391666666666666,0.9675,0.3142613774515741,0.3919037087637205,0.4929668282748594,0.5183375891431997,True,True
i_0,-0.2,0.8,0.27416666666666667,0.51,0.8358333333333333,0.9675,0.30855390203752625,0.3863741225719061,0.48810371098367267,0.515142986585067,True,True
i_0,-0.2,1.2,0.2675,0.49333333333333335,0.8316666666666667,0.9675,0.3008959902835055,0.37890312935241527,0.4814472382268043,0.5107670686048134,True,True
i_0,-0.2,1.5,0.25916666666666666,0.4775,0.8275,0.9675,0.2951269326348408,0.373235599649318,0.47633113110356107,0.5074014564186097,True,True
i_P,1.35,0.5,0.23083333333333333,0.4375,0.805,0.9675,0.2722302940398311,0.3498850007892455,0.4490095943216054,0.4917622106557371,True,True
i_P,1.35,0.8,0.26166666666666666,0.48083333333333333,0.8291666666666667,0.9675,0.2919169310573168,0.3698622192796555,0.47114768042667504,0.5048870486419123,True,True
i_P,1.35,1.2,0.27666666666666667,0.52,0.8391666666666666,0.9675,0.3171159389188526,0.3948747167489119,0.4974448843320435,0.5204684280088113,True,True
i_P,1.35,1.5,0.28833333333333333,0.5341666666666667,0.8416666666666667,0.9675,0.33462977931151094,0.4119603039255911,0.5144263677332416,0.530578059227132,True,True
i_S,0.85,0.5,0.24666666666666667,0.4558333333333333,0.82,0.9675,0.284692895890997,0.36309596649749537,0.46220973956533307,0.49998400835086054,True,True
i_S,0.85,0.8,0.26166666666666666,0.4841666666666667,0.83,0.9675,0.29677168571985374,0.3749597026670382,0.4760376978291464,0.5079269266171228,True,True
i_S,0.85,1.2,0.2783333333333333,0.5083333333333333,0.8383333333333334,0.9675,0.3125710237236651,0.3901322217668405,0.49316468731527074,0.5178001966489831,True,True
i_S,0.85,1.5,0.285,0.5225,0.8391666666666666,0.9675,0.3240335135107162,0.4008982433377093,0.5049301947580342,0.524621620483662,True,True
i_T,0.25,0.5,0.2841666666666667,0.5275,0.8408333333333333,0.9675,0.3272917045727175,0.39631656873650584,0.4972406052903841,0.5181412554282386,True,True
i_T,0.25,0.8,0.2775,0.5125,0.8383333333333334,0.9675,0.31379058502324475,0.38816777559777027,0.48988494645165975,0.515069299995839,True,True
i_T,0.25,1.2,0.2633333333333333,0.48833333333333334,0.8308333333333333,0.9675,0.295706095465935,0.37709329498290745,0.47958992384951565,0.5108367910619248,True,True
i_T,0.25,1.5,0.25,0.4725,0.8233333333333334,0.9675,0.28238035924975374,0.3687219992480803,0.4715870229961966,0.5075735867377963,True,True
i_M,0.45,0.5,0.2808333333333333,0.5241666666666667,0.8375,0.9675,0.31522141560677563,0.3929755579489943,0.48997865907105675,0.5157976635359696,True,True
i_M,0.45,0.8,0.27416666666666667,0.51,0.835,0.9675,0.30893942255796164,0.3868091792556501,0.48689013576292267,0.5141112383818932,True,True
i_M,0.45,1.2,0.26666666666666666,0.4891666666666667,0.8316666666666667,0.9675,0.3005126443765206,0.37846387998998177,0.48268477165228696,0.5118193559442135,True,True
i_M,0.45,1.5,0.2575,0.4741666666666667,0.8316666666666667,0.9675,0.29418050803315265,0.37213784418266194,0.479468935313033,0.5100696408751784,True,True
i_H,0.18,0.5,0.2708333333333333,0.4975,0.8275,0.9675,0.3047308182221726,0.38099280302484034,0.47754906594140645,0.5080159320701095,True,True
i_H,0.18,0.8,0.2708333333333333,0.5016666666666667,0.8316666666666667,0.9675,0.3047308182221726,0.3819920667904064,0.4819266124690042,0.5110083059541957,True,True
i_H,0.18,1.2,0.2708333333333333,0.5033333333333333,0.8358333333333333,0.9675,0.3047308182221726,0.3833059872909861,0.4876352164058191,0.5149081106262838,True,True
i_H,0.18,1.5,0.2708333333333333,0.5066666666666667,0.8391666666666666,0.9675,0.3047308182221726,0.38427638453302576,0.49181679335347467,0.5177628080826977,True,True
q_S,0.35,0.5,0.2708333333333333,0.5025,0.8333333333333334,0.9675,0.3047308182221726,0.3826517788001447,0.4847995938278963,0.5129713317739119,True,True
q_S,0.35,0.8,0.2708333333333333,0.5025,0.8333333333333334,0.9675,0.3047308182221726,0.3826517788001447,0.4847995938278963,0.5129713317739119,True,True
q_S,0.35,1.2,0.2708333333333333,0.5025,0.8333333333333334,0.9675,0.3047308182221726,0.3826517788001447,0.4847995938278963,0.5129713317739119,True,True
q_S,0.35,1.5,0.2708333333333333,0.5025,0.8333333333333334,0.9675,0.3047308182221726,0.3826517788001447,0.4847995938278963,0.5129713317739119,True,True
q_P,0.25,0.5,0.2708333333333333,0.5025,0.8333333333333334,0.9675,0.3047308182221726,0.3826517788001447,0.4847995938278963,0.5129713317739119,True,True
q_P,0.25,0.8,0.2708333333333333,0.5025,0.8333333333333334,0.9675,0.3047308182221726,0.3826517788001447,0.4847995938278963,0.5129713317739119,True,True
q_P,0.25,1.2,0.2708333333333333,0.5025,0.8333333333333334,0.9675,0.3047308182221726,0.3826517788001447,0.4847995938278963,0.5129713317739119,True,True
q_P,0.25,1.5,0.2708333333333333,0.5025,0.8333333333333334,0.9675,0.3047308182221726,0.3826517788001447,0.4847995938278963,0.5129713317739119,True,True
r_thin,6.0,0.5,0.2708333333333333,0.5025,0.8333333333333334,0.9675,0.3049552998531094,0.3826973049456825,0.4847995938278963,0.5129713317739119,True,True
r_thin,6.0,0.8,0.2708333333333333,0.5025,0.8333333333333334,0.9675,0.3048844965040732,0.3826973049456825,0.4847995938278963,0.5129713317739119,True,True
r_thin,6.0,1.2,0.2708333333333333,0.5025,0.8333333333333334,0.9675,0.30455390203549176,0.38256850919936675,0.484749402724229,0.5129713317739119,True,True
r_thin,6.0,1.5,0.2708333333333333,0.5025,0.8333333333333334,0.9675,0.30389242838402386,0.38240230102096306,0.48452310219111466,0.5129713317739119,True,True
r_G,3.0,0.5,0.2708333333333333,0.5025,0.8333333333333334,0.9675,0.3047308182221726,0.3826517788001447,0.4847995938278963,0.5129713317739119,True,True
r_G,3.0,0.8,0.2708333333333333,0.5025,0.8333333333333334,0.9675,0.3047308182221726,0.3826517788001447,0.4847995938278963,0.5129713317739119,True,True
r_G,3.0,1.2,0.2708333333333333,0.5025,0.8333333333333334,0.9675,0.30466437672543484,0.3826517788001447,0.4847995938278963,0.5129713317739119,True,True
r_G,3.0,1.5,0.2708333333333333,0.5025,0.8333333333333334,0.9675,0.30454620908204627,0.38262025056697446,0.48472109802849594,0.5129713317739119,True,True
r_E,2.0,0.5,0.2708333333333333,0.5025,0.8333333333333334,0.9675,0.30459906566863754,0.38259011285590305,0.4847995938278963,0.5129713317739119,True,True
r_E,2.0,0.8,0.2708333333333333,0.5025,0.8333333333333334,0.9675,0.3047047587416409,0.382621400715915,0.4847995938278963,0.5129713317739119,True,True
r_E,2.0,1.2,0.2708333333333333,0.5025,0.8333333333333334,0.9675,0.30475361086394276,0.3826908179750142,0.4847995938278963,0.5129713317739119,True,True
r_E,2.0,1.5,0.2708333333333333,0.5025,0.8333333333333334,0.9675,0.30481163999513344,0.3826908179750142,0.4847995938278963,0.5129713317739119,True,True
f_0,-3.0,0.5,0.17833333333333334,0.37916666666666665,0.7541666666666667,0.8991666666666667,0.2645118911674303,0.3421451160704553,0.4538483801785935,0.48570292786268593,True,True
f_0,-3.0,0.8,0.23,0.4583333333333333,0.8191666666666667,0.9566666666666667,0.288780701042151,0.3679738669839579,0.47534671534226286,0.505210362385537,True,True
f_0,-3.0,1.2,0.2925,0.5433333333333333,0.8366666666666667,0.9675,0.3192861682360016,0.3944239366993976,0.49112481860614454,0.5177523838953275,True,True
f_0,-3.0,1.5,0.29833333333333334,0.5508333333333333,0.8366666666666667,0.9675,0.33723187943547756,0.40654356561314275,0.4965365303169618,0.5214923215142426,True,True
f_thin,2.8,0.5,0.2708333333333333,0.5025,0.8333333333333334,0.9675,0.3149313391902238,0.3850628366544897,0.4864493869781333,0.5129713317739119,True,True
f_thin,2.8,0.8,0.2708333333333333,0.5025,0.8333333333333334,0.9675,0.3085105018546854,0.38359574346309794,0.48553864362149834,0.5129713317739119,True,True
f_thin,2.8,1.2,0.2708333333333333,0.5025,0.8333333333333334,0.9675,0.30160806851307315,0.3818279243682584,0.4840591035596723,0.5129713317739119,True,True
f_thin,2.8,1.5,0.2708333333333333,0.5025,0.8333333333333334,0.9675,0.2983136469485625,0.38092077018978043,0.4831418130568578,0.5129713317739119,True,True
f_Mw,1.8,0.5,0.29583333333333334,0.5458333333333333,0.8341666666666666,0.9675,0.3188136768117639,0.39346167694756234,0.4848664081719381,0.5129713317739119,True,True
f_Mw,1.8,0.8,0.2875,0.5325,0.8341666666666666,0.9675,0.3105578644500009,0.38739188148673726,0.4848305862040806,0.5129713317739119,True,True
f_Mw,1.8,1.2,0.24666666666666667,0.4775,0.8333333333333334,0.9675,0.29881032098668514,0.37751414738795447,0.48476307812267466,0.5129713317739119,True,True
f_Mw,1.8,1.5,0.23,0.4533333333333333,0.8325,0.9675,0.29018599207508816,0.3695556193736542,0.48470019056131347,0.5129713317739119,True,True
f_G,1.4,0.5,0.27166666666666667,0.505,0.8358333333333333,0.9675,0.30847113752061917,0.3846814588462157,0.48697987581160795,0.5139153391327598,True,True
f_G,1.4,0.8,0.27166666666666667,0.5041666666666667,0.8358333333333333,0.9675,0.30626977694115265,0.3834981928078347,0.4857904457434852,0.5134017603418528,True,True
f_G,1.4,1.2,0.27,0.49916666666666665,0.8283333333333334,0.965,0.3031657712071859,0.3817749968374851,0.4836452934683541,0.5124671555511221,True,True
f_G,1.4,1.5,0.26,0.49166666666666664,0.8166666666666667,0.9533333333333334,0.30082717615568516,0.3804374940371077,0.4816303940065208,0.5115805632792703,True,True
f_M,0.9,0.5,0.28583333333333333,0.5266666666666666,0.8358333333333333,0.9675,0.3104432313448471,0.387715680672849,0.48641984040816616,0.514023695120926,True,True
f_M,0.9,0.8,0.2808333333333333,0.5166666666666667,0.835,0.9675,0.3070438729521132,0.3847399233665351,0.4854707558870775,0.513408495870116,True,True
f_M,0.9,1.2,0.26416666666666666,0.49166666666666664,0.8333333333333334,0.9675,0.30238798914469406,0.38048566845072834,0.4840964988748818,0.5125113843930426,True,True
f_M,0.9,1.5,0.25916666666666666,0.4816666666666667,0.8325,0.965,0.29883367499689245,0.37710336033347225,0.4829798874312299,0.51177660372398,True,True
f_R,0.8,0.5,0.2708333333333333,0.5025,0.8333333333333334,0.9675,0.30484902686103027,0.38267262864085927,0.48481708731300616,0.5129713317739119,True,True
f_R,0.8,0.8,0.2708333333333333,0.5025,0.8333333333333334,0.9675,0.30477618181136223,0.3826596570994691,0.4848070263827885,0.5129713317739119,True,True
f_R,0.8,1.2,0.2708333333333333,0.5025,0.8333333333333334,0.9675,0.3046882970962959,0.38264451463649296,0.4847916042776803,0.5129713317739119,True,True
f_R,0.8,1.5,0.2708333333333333,0.5025,0.8333333333333334,0.9675,0.3046301798772341,0.382634753612636,0.48477866172367945,0.5129713317739119,True,True
